ID,Song,Movie,Scheduled Date
1,En Iniya Pon Nilave,Moodu Pani,2026-08-29
2,Ilaya Nila Pozhigirathe,Payanangal Mudivathillai,
3,Thendral Vandhu Ennai Thodum,Thendrale Ennai Thodu,2026-09-23
4,Mandram Vandha,Mouna Ragam,2026-09-04
5,Raja Rajadhi Rajan Indha,Agni Natchathiram,2026-08-30
6,Sundari Kannal Oru Sethi,Thalapathi,
7,Thenpandi Cheemayile,Nayakan,2026-08-28
8,Kaatril Endhan Geetham,Johnny,
9,Kanne Kalaimane,Moondram Pirai,2026-08-27
10,Kanmani Anbodu Kadhalan,Gunaa,
11,Ennai Thalatta Varuvala,Kadhalukku Mariyadhai,2026-09-05
12,Senthazham Poovil,Mullum Malarum,
13,Poove Sempoove,Solla Thudikuthu Manasu,
14,Pani Vizhum Malar Vanam,Ninaivellam Nithya,
15,Kuyil Paattu,En Rasavin Manasile,
16,Thendral Vandhu Theendum Pothu,Avatharam,
17,Pottu Vaitha Oru Vatta Nila,Idhayam,2026-09-21
18,Nila Adhu Vaanathumele,Nayakan,
20,Janani Janani,Thaai Mookaambikai,
21,Andhi Mazhai Pozhigirathu,Raja Paarvai,
23,Enna Satham Indha Neram,Punnagai Mannan,
24,Valaiosai Veesum,Sathya,
26,Unna Nenachen,Apoorva Sagodharargal,
27,Inji Idupazhagi,Thevar Magan,
28,Isaiyil Thodanguthamma,Hey Ram,
29,Nee Paartha Paarvai,Hey Ram,
30,Sundari Neeyum,Michael Madana Kama Rajan,
31,Rum Bum Bum,Michael Madana Kama Rajan,
32,Idhu Oru Nila Kaalam,Tik Tik Tik,2026-09-09
33,Naadha Vinodham,Salangai Oli,
34,Thakita Thadimi,Salangai Oli,
36,Nilaave Vaa,Mouna Ragam,
37,Chinna Chinna Vanna Kuyil,Mouna Ragam,
38,Nee Oru Kadhal Sangeetham,Nayakan,2026-09-16
40,Thoongatha Vizhigal Rendu,Agni Natchathiram,2026-09-07
42,Idhayam Oru Kovil,Idaya Kovil,
43,Naan Paadum Mouna Ragam,Idaya Kovil,2026-09-10
44,Poo Maalaye,Pagal Nilavu,
45,Anjali Anjali,Anjali,2026-09-08
46,Vegam Vegam,Anjali,
47,Rakkamma Kaiya Thattu,Thalapathi,2026-09-11
51,Idhu Oru Pon Maalai Pozhudhu,Nizhalgal,2026-09-06
52,Madai Thirandhu,Nizhalgal,2026-09-13
53,Poongathave Thaalthiravai,Nizhalgal,
54,Povoma Oorgolam,Chinna Thambi,
55,Thooliyile Aadavantha,Chinna Thambi,2026-09-02
56,Araicha Sandanam,Chinna Thambi,
57,Paadariyen Padippariyen,Sindhu Bhairavi,
58,Poomaalai Vaangi Vandhan,Sindhu Bhairavi,
59,Kalaivaniye,Sindhu Bhairavi,
60,Punjai Undu Nanjai Undu,Unnal Mudiyum Thambi,
61,Enna Samayal,Unnal Mudiyum Thambi,2026-09-27
62,Maarugo Maarugo,Vettri Vizhaa,2026-09-17
64,Aadiyile Sedhi Solli,Aavarampoo,
65,Saamikite,Aavarampoo,
66,Maanguyile Poonguyile,Karagattakaran,
67,Meenamma Meenamma,Rajadhi Raja,
68,Poongatru Thirumbuma,Mudhal Mariyathai,
69,Vetti Veru Vasam,Mudhal Mariyathai,
70,Andha Nilava Thaan,Mudhal Mariyathai,
71,Rasave Unna Nambi,Mudhal Mariyathai,
72,Senbagame,Enga Ooru Pattukaran,
73,Aasaiya Kathula,Johnny,
74,Rojavai Thalattum Thendral,Ninaivellam Nithya,
76,Vaa Vaa Manjal Malare,Rajadhi Raja,
77,Putham Pudhu Kaalai,Alaigal Oivathillai,
79,Mookuthi Poo Mele,Mouna Geethangal,
80,Kalyana Thenila,Mounam Sammadham,
81,Ninaivo Oru Paravai,Sigappu Rojakkal,2026-09-03
82,Naan Thedum Sevvanthi,Dharma Pathini,2026-09-18
83,Edho Dhaagam,Sindhu Bhairavi,
84,Naan Oru Sindhu,Sindhu Bhairavi,
85,Oru Kili Uruguthu,Aanandha Kummi,2026-09-28
86,Poonthalir Aada,Panneer Pushpangal,
87,Keerthi Kettil,Thillu Mullu,
88,Ilamai Idho Idho,Sakalakala Vallavan,2026-08-31
89,Nila Kayum Neram,Chembaruthi,
92,Kavithai Kelungal,Punnagai Mannan,
93,Edho Moham,Punnagai Mannan,
94,Oru Jeevan Thaan,Naan Adimai Illai,
96,Appan Endrum,Gunaa,
97,Innum Ennai,Singaravelan,2026-09-01
98,Pudhu Cheri Katcheri,Singaravelan,
99,Azhagu Malarada,Vaidehi Kathirunthal,
100,Raasathi Unnai,Vaidehi Kathirunthal,
101,Pachamala Poovu,Kizhakku Vaasal (Original Motion Picture Soundtrack),
102,"Valli Valli Ena (From ""Deiva Vakku"")",Evergreen Songs of Karthik Vol-1,
103,"Adukku Malli Yeduthu (From ""Aavaram Poo"")",SPB Janaki Romantic Songs,
105,Rasathi Unna,Vaidehi Kaathirundhaal (Original Motion Picture Soundtrack),
106,Idhazhil Kadhai Ezhudhum,Unnal Mudiyum Thambi (Original Motion Picture Soundtrack),
108,O Papa Lali,Geetanjali,
109,Kaaviyam Paadava,Idhayathai Thirudadhey (Original Motion Picture Soundtrack),2026-09-29
111,"Kalyana Virundhu (From ""Dorothy"")","Kalyana Virundhu (From ""Dorothy"")",
112,"Kodai Kaala Kaatre - From ""Paneer Pushpangal""",Paneer Pushpangal (Original Motion Picture Soundtrack),
114,O Butterfly,Meera (Original Motion Picture Soundtrack),2026-09-24
115,Muthumani Maalai,Chinna Gounder (Original Motion Picture Soundtrack),2026-09-15
116,Nethu Oruthara Oruthara,Puthu Paatu (Original Motion Picture Soundtrack),2026-09-20
117,"Muthumani (From ""Dorothy"")","Muthumani (From ""Dorothy"")",2026-09-25
118,Ada Veetukku,Kizhakku Vaasal (Original Motion Picture Soundtrack),
119,Aagaya Vennilavae,Arangetra Velai (Original Motion Picture Soundtrack),
120,Mannil Indha,Keladi Kanmani (Original Motion Picture Soundtrack),
121,Amma Endru,Mannan (Original Motion Picture Soundtrack),
122,Kudagu Malai,Karakattakkaran (Original Motion Picture Soundtrack),
123,Annaaththe Aaduraar,Aboorva Sagodharargal (Original Motion Picture Soundtrack),
124,Vaazhavaikum Kaathalukku,Aboorva Sagodharargal (Original Motion Picture Soundtrack),2026-09-19
125,En Jodi Manja Kuruvi,Vikram (Original Motion Picture Soundtrack),
126,Sorgame Endralum,Ooru Vittu Ooru Vandhu (Original Motion Picture Soundtrack),
127,Yamune Aatrile,Thalapathi,
128,Raja Raja Chozhan,Rettai Vaal Kuruvi (Original Motion Picture Soundtrack),
129,Rajathi Raja,Mannan (Original Motion Picture Soundtrack),
130,Megam Kottatum,Enakkul Oruvan (Original Motion Picture Soundtrack),
131,Sundari Neeyum,Michel Madana Kamarajan (Original Motion Picture Soundtrack),
133,Kathal Oviyam,Alaigal Oyvatillai,2026-09-14
134,Dhevadhai Pol Oru,Gopura Vaasalile (Original Motion Picture Soundtrack),
135,Kadhal Kavithaigal,Gopura Vaasalile (Original Motion Picture Soundtrack),
136,Ooruvittu Ooruvandhu,Karakattakkaran (Original Motion Picture Soundtrack),
137,Kaathalin Deepam Ondru - Male,Thambikku Entha Ooru (Original Motion Picture Soundtrack),
138,Kuzhaloodhum Kannanukku,Mella Thirandhadhu Kadhavu (Original Motion Picture Soundtrack),
139,Yaar Veettil Roja,Idhaya Kovil (Original Motion Picture Soundtrack),
140,Putham Pudhu,Thalapathi,
141,Putham Puthu Kaalai,Alaigal Oyvatillai,
142,Poongaatru,Moondram Pirai (Original Motion Picture Soundtrack),
145,Roja Poo Adivanthathu,Agni Natchathiram (Original Motion Picture Soundtrack),
146,Ninnukori Varanam,Agni Natchathiram (Original Motion Picture Soundtrack),
148,O Priya Priya,Idhayathai Thirudadhey (Original Motion Picture Soundtrack),
149,Kattu Kuyilu,Thalapathi,
150,Vegam Vegam,Anjali (Original Motion Picture Soundtrack),
151,Vaanam Namakku,Anjali (Original Motion Picture Soundtrack),
152,Unna Vida,Virumandi,
153,Paartha Vizhi,Guna (Original Motion Picture Soundtrack),
154,Sundari Kannaal Oru Sethi,Sundari Kannaal Oru Sethi,
155,Oru Poonga Vanam,Agni Natchathiram (Original Motion Picture Soundtrack),
156,"Aalappol Velappol (From ""Ejjaman"" )",Ejjaman (Original Motion Picture Soundtrack),
157,Sangathil Padatha,Auto Raaja,2026-09-12
158,Nila Kayum,Chembaruthi (Original Motion Picture Soundtrack),
159,Maniyae Manikuyilae,Nadodi Thendral (Original Motion Picture Soundtrack),
160,Yaarum Vilaiyaadum Thottam,Nadodi Thendral (Original Motion Picture Soundtrack),
161,Oru Kanam Oru Yugamaga,Nadodi Thendral (Original Motion Picture Soundtrack),
162,Aalolam Paadi,Aavaram Poo (Original Motion Picture Soundtrack),2026-09-22
163,Inji Idupazhaga (Duet),Devar Magan (Original Motion Picture Soundtrack),
164,Potri Paadadi Penne,Devar Magan (Original Motion Picture Soundtrack),
165,Singalathu Chinnakuyile,Punnagai Mannan (Original Motion Picture Soundtrack),
166,Ila Nenje Vaa - Original Motion Picture Soundtrack,Vanna Vanna Pookkal (Original Motion Picture Soundtrack),
167,Paadu Nilavae,Udhaya Geetham (Original Motion Picture Soundtrack),
168,Malaiyoram Veesum Kaatru - Male,Paadu Nilave (Original Motion Picture Soundtrack),
169,Thathom Thalangu,Vettri Vizhaa (Original Motion Picture Soundtrack),
170,Aattama Therottama,Captain Prabhakaran (Original Motion Picture Soundtrack),
171,Nenjukkule Innarendru,Ponnumani (Original Motion Picture Soundtrack),
172,Nalam Vaazha,Marupadiyum (Original Motion Picture Soundtrack),
173,Aasai Athigam,Marupadiyum (Original Motion Picture Soundtrack),
174,Sandhana Kaatre,Thanikkattu Raja (Original Motion Picture Soundtrack),
175,Vellai Pura Ondru - Duet,Pudhu Kavithai (Original Motion Picture Soundtrack),
176,Poongatru Un Per Solla,Vettri Vizhaa (Original Motion Picture Soundtrack),
177,Arithaaratha Poosikolla Aasai,Avatharam (Original Motion Picture Soundtrack),2026-09-26
178,Un Paarvayil,Amman Kovil Kizhakale (Original Motion Picture Soundtrack),
179,Ellorum Sollu Pattu,Marupadiyum (Original Motion Picture Soundtrack),
180,Kombula Poova,Virumandi,
181,Raathiriyil Poothirukum,Thangamagan (Original Motion Picture Soundtrack),
182,Paadariyen,Sindhu Bhairavi (Original Motion Picture Soundtrack),
183,Aasaiye Kaathule,Jhonny - Azhage Unnai Aarathikkiren - Tharayil Vaazhum,
184,Maalayil Yaaro,Chatriyan (Original Motion Picture Soundtrack),
185,Kaala Kaalamaaga Vaazhum,Punnagai Mannan (Original Motion Picture Soundtrack),
186,Madura Marikkozhunthu,Enga Ooru Pattukaran (Original Motion Picture Soundtrack),
187,Engiruntho,Bramma (Original Motion Picture Soundtrack),
188,Vaa Vaa Anbe,Eeramana Rojave (Original Motion Picture Soundtrack),
189,Thenmadurai Vaigai Nadhi,Dharmathin Thalaivan (Original Motion Picture Soundtrack),
190,Paakku Vethala,My Dear Marthandan (Original Motion Picture Soundtrack),
191,Velli Nilave,Nandavana Theru,
192,Chinna Raasaavae,Walter Vetrivel (Original Motion Picture Soundtrack),
193,Vikram Vikram,Vikram (Original Motion Picture Soundtrack),
194,Vizhiyile Mani,Nooravathu Naal (Original Motion Picture Soundtrack),
195,"Elangathu - From ""Pithamagan""",Pithamagan (Original Motion Picture Soundtrack),
196,Panivizhum Iravu,Mouna Ragam (Original Motion Picture Soundtrack),
197,Ullukulla Chakaravarthy,Panakkaran (Original Motion Picture Soundtrack),
198,Naan Erikarai(Ilayaraja),Chinna Thayee,
199,Vaanile Thenila,Kaakki Sattai (Original Motion Picture Soundtrack),
200,Edho Mogam,Kozhi Koovuthu (Original Motion Picture Soundtrack),
201,Poove Illaya Poove,Kozhi Koovuthu (Original Motion Picture Soundtrack),
202,"Metti Oli Kaatrodu - From ""Metti""",Metti (Original Motion Picture Soundtrack),
203,Seevi Sinukkeduthu,Vettri Vizhaa (Original Motion Picture Soundtrack),
204,Penn Maaney Sangeetham,Naan Sigappu Manithan (Original Motion Picture Soundtrack),
205,Kaattumalli,Viduthalai (Original Motion Picture Soundtrack),
206,"Ilaya Nila (From ""Payanangal Mudivathillai"")",Guitar Songs of Ilaiyaraaja,
207,"Perai sollava | Guru | Ilayaraja | SPB, S Janaki",Guru,
208,மணியோசை கேட்டு எழுந்து.....| Payanangal Mudivathillai | Mohan | Goundamani | Senthil | Raj 4K Songs,Payanangal Mudivathillai,
209,Vidiya Vidiya Nadanam,Idhayathai Thirudadhey (Original Motion Picture Soundtrack),
210,Oru Kili,Aanandha Kummi (Original Motion Picture Soundtrack),
211,Michel Madana Kamarajan - Kadha Kelu Kadha Kelu Lyric | Kamal Haasan | Ilaiyaraaja,MMKR,
212,Unnai Naan,Guna,
213,Poomalai Song | Thanga Magan Movie | Ilaiyaraaja | Rajinikanth | SPB | S Janaki | Vaali | Tamil Song,Thanga Magan,
214,Aaradi Chuvaru than | ஆறடி சுவருதான் ஆசையை,Ithu Namma bhoomi,
215,SIRIYA PARAVAI SIRAGAI VIRIKA,Andha Oru Nimidam,
216,Velai Ilathavan Thaan | Rajinikanth | Velaikaran (1987) | Tamil Classic Song,Velaikaran,
217,Vaa Vaa Vaa Kannaa Vaa,Velaikaran,
218,Hey Unnai thaaney,Kaadhal Parisu,
219,Raja Kaiya Vecha - Apoorva Sagodharargal (1989) | High Quality Clear Audio |,Aboorva Sagotharargal,
220,Aagaya Gangai,Dharma Yudham,
221,"Thaazham Poove Vaasam Song Video - Kai Kodukkum Kai | Rajinikanth, Revathi | SPB | Ilaiyaraaja",Kai Kodukum Kai,
222,Pesa Koodaathu,Adutha Vaarisu (Original Motion Picture Soundtrack),
223,Poththi Vaccha Malliga Mottu High Quality Audio Song | Ilayaraja,Man Vasanai,
224,"அடி படகோட்டும் பட்டம்மா பாடல் | Padakottum Pattammah | K.S.Chithra, Malaysia Vasudevan | Chinnavar .",Chinnavar,
225,kottu kali kottu nayanam mp3 bass and treble boosted used headphones 🎧.,Chinnavar,
226,Yelela Kuyile Elamana Veyile,Paandi Nattu Thangam (Original Motion Picture Soundtrack),
227,Paadi Parantha Kili - Kizhakku Vaasal (1990) - High Quality Song,Kizhakku Vaasal,
228,Maanin Iru Kangal - Mappillai (1989) | மானின் இரு கண்கள் - மாப்பிள்ளை |,Maapillai,
229,Meenamma Meenamma Song | Rajadhi Raja Movie | Mano | Rajinikanth | Radha | Ilaiyaraaja,Rajadhi Raja,
230,Ennulle Ennulle | Valli | Ilaiyaraaja | Swarnalatha | High Quality | Remastered,Valli,
231,Jodi Kiliye,Padikathavan,
232,Engey En Song | Uyarndha Ullam | Ilaiyaraaja | Kamal Haasan | Ambika | KJ Yesudas | S Janaki,Uyarntha Ullam,
233,Unnai Thaane - Nallavanukku Nallavan (1984) | High Quality Clear Audio |,Nallavanuku Nallavan,
234,Chittukku Chella Chittukku - Nallavanukku Nallavan (1984) | High Quality Clear Audio |,Nallavanuku Nallavan,
235,Per Vachalum Vaikama | Tamil Lyrical Video | Michael Madana Kama Rajan | Ilaiyaraaja | Kamal Haasan,Michael Madana Kama Rajan,
236,Solli Solli Vanthathillai - Senthamizh Paattu (1992) | High Quality Clear Audio |,Senthamizh Paatu,
237,Chinna Chinna Thooral,Senthamizh Paattu (Original Motion Picture Soundtrack),
238,Annakiliye Unnai Theduthey,Annakili,
239,Muthu Muthu,Annakili,
240,Kannan Oru Kai Kuzhandhai,Bhadrakali,
241,Aattukkutti Muttaiyittu,16 Vayathinile,
242,Cholam Vidhaikkaiyile,16 Vayathinile,
243,Maanjolai Kilithaano,Kizhakke Pogum Rail,
244,Poovarasampoo Poothachu,Kizhakke Pogum Rail,
245,Poomudichu Poothathu,Kizhakke Pogum Rail,
246,Uravugal Thodarkathai,Aval Appadithan,
247,En Kanmani,Chittu Kuruvi,
248,Senthoora Poove,16 Vayathinile,
249,Azhagiya Kanne,Uthiripookkal,
250,Raman Aandaalum,Mullum Malarum,
251,Nitham Nitham Nellu Soru,Mullum Malarum,
252,Adi Penne,Mullum Malarum,
253,Ilamai Enum Poongaatru,Pagalil Oru Iravu,
254,Vaa Ponmayile,Poonthalir,
255,Oru Manjakkuruvi,Ponnu Oorukku Pudhusu,
256,Saamakozhi Koovudhamma,Ponnu Oorukku Pudhusu,
257,Oram Po Oram Po,Ponnu Oorukku Pudhusu,
258,Aayiram Malargale,Niram Maaratha Pookkal,
259,Oru Kunguma Chengamalam,Aarilirundhu Arubathu Varai,
260,Oru Ponnu Oru Paiyan,Ponnu Oorukku Pudhusu,
261,Ennadi Meenakshi,Ilamai Oonjal Aadukirathu,
262,Paruvame Puthiya Paadal Paadu,Nenjathai Killathe,
263,Uravenum Puthiya Vaanil,Nenjathai Killathe,
264,Paruvame Puthiya Paadal,Nenjathai Killathe,
265,Azhage Azhagu,Raaja Paarvai,
266,Chinnanjiru Vayathil,Meendum Kokila,
267,Ponnana Meni,Meendum Kokila,
268,En Uyire Vaa,Poonthalir,
269,Poonguyile Poonguyile,Aaradhanai,
270,Ponmeni Uruguthey,Moondram Pirai,
271,Nila Kayuthu,Sakalakala Vallavan,
272,Nethu Raathiri,Sakalakala Vallavan,
273,Kaathal Kasakkuthaiyya,Aanandha Kummi,
274,Aasai Nooru Vagai,Adutha Varisu,
275,Vaazhga Valamudan,Adutha Varisu,
276,Vaa Vaa Anbe Anbe,Agni Natchathiram,
277,Kalyana Maalai,Pudhu Pudhu Arthangal,
278,Keladi Kanmani,Pudhu Pudhu Arthangal,
279,Guruvayurappa,Pudhu Pudhu Arthangal,
280,Chinnamani Kuyile,Amman Kovil Kizhakale,
281,Kuyile Kuyile,Aanandha Kummi,
282,Oororama,Idhaya Kovil,
283,Kootathile Kovil Pura,Idhaya Kovil,
284,Paattu Thalaivan,Idhaya Kovil,
285,Vaanuyarntha Solaiyile,Idhaya Kovil,
286,Poovile Medai,Pagal Nilavu,
287,Vaidhegi Raman,Pagal Nilavu,
288,Maina Maina,Pagal Nilavu,
289,Vaarayo Vaanmathi,Pagal Nilavu,
290,Sangeetha Megam,Udhaya Geetham,
291,Thene Thenpaandi Meene,Udhaya Geetham,
292,Paadava Un Paadalai,Naan Paadum Paadal,
293,Ooru Sanam Thoongidichu,Mella Thirandhadhu Kadhavu,
294,Vaa Vennila,Mella Thirandhadhu Kadhavu,
295,Adi Aathaadi,Kadalora Kavithaigal,
296,Kodiyile Malligai,Kadalora Kavithaigal,
297,Poovaadai Kaari,Kadalora Kavithaigal,
298,Raja Kaiya Vachaa,Apoorva Sagodharargal,
299,Pudhu Maappillai,Apoorva Sagodharargal,
300,Something Something,Anjali,
301,Raathiri Nerathil,Anjali,
302,Mottamaadi Mottamaadi,Anjali,
303,Oho Megam Vandhadho,Mouna Ragam,
304,Koo Koo Endru Kuyil,Kadhal Parisu,
305,Kadhal Maharani,Kadhal Parisu,
306,Nila Adhu Vaanathu,Nayakan,
307,Naan Sirithal Deepavali,Nayakan,
308,Andhi Mazhai Megam,Nayakan,
309,Vanithamani,Vikram,
310,Ayiram Thaamarai Mottukkale,Alaigal Oyivathillai,
311,Nee Paathi Naan Paathi,Keladi Kanmani,
312,Vaanmathiye,Arangetra Velai,
313,Pallaviye Charanam,Brahma,
314,Ennai Thottu Alli Konda,Unnai Naan Santhithen,
315,Aagaaya Thaamarai,Nadodi Paattukkaran,
316,Ponnukku Thanga Manasu,Chembaruthi,
317,Thenmerku Paruva Kaatru,Karuththamma,
318,Porale Ponnuthayi,Karuththamma,
319,Pacha Kili Paadu,Karuththamma,
320,Ennavendru Solvadhamma,Rajakumaran,
321,Sempoove Poove,Siraichalai,
322,Kadhale Kadhavillai,Siraichalai,
323,Nandhavana Kuyile,Ponnu Veettukkaran,
324,Vaarthai Thavari Vittai,Sethu,
325,Thendralai Kandu Kolla,Nilave Mugam Kaattu,
326,Naan Oru Muttalunga,Adutha Vaarisu,
327,Nallathor Veenai Seidhen,Bharathi,
328,Ninnai Charan Adainthen,Bharathi,
329,Paadi Thirindha En Thozhi,Kaakkai Siraginile,
330,Vaanam Paartha Karisakkaadu,Karisakkattu Poove,
331,Amma Endralle,Nandhaa,
332,Paattu Solli Paada Solli,Azhagi,
333,Oliyile Therivadhu Devadhaya,Azhagi,
334,Oru Kaatril Alaiyum,Naan Kadavul,
335,Piraye Piraye,Pithamagan,
336,Yaaradhu Yaaradhu,Pithamagan,
337,Andha Kandamani,Virumaandi,
338,Kaatu Vazhi,Adhu Oru Kana Kaalam,
339,Kaatril Varum Geethame,Oru Naal Oru Kanavu,
340,Enakku Piditha Paadal,Julie Ganapathi,
341,Oru Naan Oru Kanavu,Oru Naal Oru Kanavu,
342,Kaatrin Mozhi,Neethane En Ponvasantham,
343,Ennodu Vaa Vaa,Neethane En Ponvasantham,
344,Kekkatha Vathiyam,Merku Thodarchi Malai,
345,Kaatukkulle Paatu Sollum,Idhayathai Thirudathey,
346,Om Namaha,Idhayathai Thirudathey,
347,Aathaadi Ammadi,Idhayathai Thirudathey,
348,Pesa Koodathu,Adutha Varisu,
349,Pothi Vecha Malligai Mottu,Mann Vasanai,
350,Anandha Raagam,Panneer Pushpangal,
351,Eeramana Rojave,Ilamai Kaalangal,
352,Oh Vasantha Raja,Neengal Kettavai,
353,Poovil Vandu,Kadhal Oviyam,
354,Neethane Endhan Ponvasantham,Ninaivellam Nithya,
355,Saalaiyoram,Payanangal Mudivathillai,
356,Raathiriyil Poothirukkum,Thanga Magan,
357,Ponvaanam Panneer Thoovi,Indru Nee Naalai Naan,
358,Raasaathi Unna,Vaidehi Kathirundhal,
359,Devadhai Ilam Devi,Aayiram Nilave Vaa,
360,Poovaadai Kaatru,Gopurangal Saayvathillai,
361,Thatthom Thalaangu,Vetri Vizha,
362,Poomaalai Vaangi,Sindhu Bhairavi,
363,Enna Samayalo,Unnal Mudiyum Thambi,
364,Ada Machamulla,Chinna Veedu,
365,Madhura Marikozhundhu,Enga Ooru Paattukaaran,
366,Meendum Meendum Vaa,Vikram,
367,Andha Nilavadhaan,Mudhal Mariyadhai,
368,Naan Thedum,Dharma Patthini,
369,Potta Padiyudhu,Sathya,
370,Hey Raja,Jallikattu,
371,Germanyin Senthen,Ullasa Paravaigal,
372,Ilamai Itho Itho,Sakalakala Vallavan,
373,Amman Kovil Kizhakkale,Amman Kovil Kizhakale,
374,Vaa Vaa Vasanthame,Pudhumai Penn,
375,Paadu Nilave,Udhaya Geetham,
376,Raja Raja Chozhan Naan,Rettai Vaal Kuruvi,
377,Malaiyoram Veesum Kaathu,Paadu Nilave,
378,Nilavu Thoongum Neram,Kunguma Chimil,
379,Kaalai Nera Poonguyil,Amman Kovil Kizhakale,
380,Chinna Chinna Poove,Poovizhi Vaasalile,
381,Aathaadi Paavaada Kaathaada,Poovilangu,
382,Vaan Megam,Punnagai Mannan,
383,Megam Karukuthu,Anandha Raagam,
384,Oru Raagam Paadalodu,Anandha Raagam,
385,Chinna Kuyil Paadum,Poove Poochudava,
386,Paadariyen Padippariyaen,Sindhu Bhairavi,
387,Oororama Aathupakkam,Idhaya Kovil,
388,Poovum Thendral,Pickpocket,
389,Poove Eduthu,Amman Kovil Kizhakale,
390,Aasai Kiliye,Theertha Karayinile,
391,Vandhanam Vandhanam,Aan Paavam,
392,Poove Poochudava,Poove Poochudava,
393,Vaan Engum Thanga Vinmeen,Moondram Pirai,
394,Vaa Vaa Pakkam Vaa,Thanga Magan,
395,Ennathil Edho Sillendradhu,Kallukkul Eeram,
396,Tholvi Nilaiyena Ninaithaal,Oorukku Uzhaippavan,
397,Devanin Kovil,Aruvadai Naal,
398,Poove Ilam Poove,Kozhi Koovuthu,
399,Santhana Kaatre,Thanikkattu Raja,